index,GREEN Score,Bone,Heart,Lung,Mediastinal
0,Green average,0.3253968253968254,0.8163265306122449,0.6737001943634596,0.5939625850340136
1,standard variation,0.46355593167261244,0.3657609375613893,0.3195053647422164,0.47670400972284116
2,(a) False report of a finding in the candidate,0.7959183673469388,0.9081632653061225,0.5425170068027211,0.8469387755102041
3,(b) Missing a finding present in the reference,0.9217687074829932,0.9098639455782312,0.8095238095238095,0.79421768707483
4,(c) Misidentification of a finding's anatomic location/position,1.0,0.9897959183673469,0.9982993197278912,0.9829931972789115
5,(d) Misassessment of the severity of a finding,1.0,0.9778911564625851,0.9931972789115646,0.9948979591836735
6,(e) Mentioning a comparison that isn't in the reference,0.9982993197278912,0.9965986394557823,0.9880952380952381,0.9965986394557823
7,(f) Omitting a comparison detailing a change from a prior study,1.0,1.0,1.0,1.0